{"OpenedDocuments":"[\"FakeName.xaml\"]","ProjectActivitiesViewState":"{\"FakeName.xaml\":[{\"ActivityIdRef\":\"If_2\",\"IsAdvancedOptionsExpanded\":false,\"Widgets\":{}},{\"ActivityIdRef\":\"If_3\",\"IsAdvancedOptionsExpanded\":false,\"Widgets\":{}}]}","ProjectWatches":"{\"Value\":[]}","ProjectBreakpoints":"{\"Value\":{\"FakeName.xaml\":[{\"ConditionalExpression\":null,\"ActionExpression\":null,\"ExpectedHitCounter\":null,\"ShouldContinueAfterAction\":false,\"IsTransient\":false,\"IsEnabled\":true,\"Id\":\"c464fec8-b9ed-4765-9a23-d555500a5a2e\",\"ActivityIdRef\":\"MessageBox_2\",\"ActivityId\":\"1.11\",\"ActivityName\":\"Message Box\"}]}}"}